{"v":"5.4.4","fr":60,"ip":0,"op":151,"w":640,"h":640,"nm":"Log-Out 2","ddd":0,"assets":[],"layers":[{"ddd":0,"ind":1,"ty":4,"nm":"x 2 Outlines","sr":1,"ks":{"o":{"a":0,"k":100,"ix":11},"r":{"a":1,"k":[{"i":{"x":[0.25],"y":[1]},"o":{"x":[0.167],"y":[0.167]},"t":66,"s":[90],"e":[0]},{"t":118}],"ix":10},"p":{"a":0,"k":[138.113,457.597,0],"ix":2},"a":{"a":0,"k":[6.515,6.515,0],"ix":1},"s":{"a":1,"k":[{"i":{"x":[0.434,0.434,0.67],"y":[1,1,1]},"o":{"x":[0.233,0.233,0.33],"y":[0,0,0]},"t":66,"s":[0,0,100],"e":[240,240,100]},{"i":{"x":[0.196,0.196,0.67],"y":[1,1,1]},"o":{"x":[0.172,0.172,0.33],"y":[0,0,0]},"t":86,"s":[240,240,100],"e":[200,200,100]},{"t":118}],"ix":6}},"ao":0,"shapes":[{"ty":"gr","it":[{"ind":0,"ty":"sh","ix":1,"ks":{"a":0,"k":{"i":[[0,0],[0,0],[0,0],[0,0],[0,0],[0,0],[0,0],[0,0],[0,0],[0,0],[0,0],[0,0]],"o":[[0,0],[0,0],[0,0],[0,0],[0,0],[0,0],[0,0],[0,0],[0,0],[0,0],[0,0],[0,0]],"v":[[6.258,3.885],[3.885,6.258],[0.001,2.372],[-3.891,6.264],[-6.264,3.891],[-2.374,-0.001],[-6.258,-3.885],[-3.885,-6.26],[-0.001,-2.374],[3.891,-6.264],[6.264,-3.891],[2.374,0.001]],"c":true},"ix":2},"nm":"Path 1","mn":"ADBE Vector Shape - Group","hd":false},{"ty":"fl","c":{"a":0,"k":[0.058823533152,0.16862745098,0.290196078431,1],"ix":4},"o":{"a":0,"k":100,"ix":5},"r":1,"bm":0,"nm":"Fill 1","mn":"ADBE Vector Graphic - Fill","hd":false},{"ty":"tr","p":{"a":0,"k":[6.515,6.515],"ix":2},"a":{"a":0,"k":[0,0],"ix":1},"s":{"a":0,"k":[100,100],"ix":3},"r":{"a":0,"k":0,"ix":6},"o":{"a":0,"k":100,"ix":7},"sk":{"a":0,"k":0,"ix":4},"sa":{"a":0,"k":0,"ix":5},"nm":"Transform"}],"nm":"Group 1","np":2,"cix":2,"bm":0,"ix":1,"mn":"ADBE Vector Group","hd":false}],"ip":66,"op":255,"st":-166,"bm":0},{"ddd":0,"ind":2,"ty":4,"nm":"circulito Outlines","sr":1,"ks":{"o":{"a":0,"k":100,"ix":11},"r":{"a":0,"k":0,"ix":10},"p":{"a":0,"k":[490.83,171.086,0],"ix":2},"a":{"a":0,"k":[7.194,7.198,0],"ix":1},"s":{"a":1,"k":[{"i":{"x":[0.434,0.434,0.67],"y":[1,1,1]},"o":{"x":[0.233,0.233,0.33],"y":[0,0,0]},"t":82,"s":[0,0,100],"e":[240,240,100]},{"i":{"x":[0.196,0.196,0.67],"y":[1,1,1]},"o":{"x":[0.172,0.172,0.33],"y":[0,0,0]},"t":102,"s":[240,240,100],"e":[200,200,100]},{"t":134}],"ix":6}},"ao":0,"shapes":[{"ty":"gr","it":[{"ind":0,"ty":"sh","ix":1,"ks":{"a":0,"k":{"i":[[-1.643,0],[0,1.652],[1.642,0],[0,-1.652]],"o":[[1.642,0],[0,-1.652],[-1.643,0],[0,1.652]],"v":[[0,2.988],[2.976,0],[0,-2.988],[-2.977,0]],"c":true},"ix":2},"nm":"Path 1","mn":"ADBE Vector Shape - Group","hd":false},{"ind":1,"ty":"sh","ix":2,"ks":{"a":0,"k":{"i":[[3.837,0],[0,3.836],[-3.837,0],[0,-3.836]],"o":[[-3.837,0],[0,-3.836],[3.837,0],[0,3.836]],"v":[[0,6.948],[-6.944,0],[0,-6.948],[6.944,0]],"c":true},"ix":2},"nm":"Path 2","mn":"ADBE Vector Shape - Group","hd":false},{"ty":"mm","mm":1,"nm":"Merge Paths 1","mn":"ADBE Vector Filter - Merge","hd":false},{"ty":"fl","c":{"a":0,"k":[0.430999995213,0.885999971278,1,1],"ix":4},"o":{"a":0,"k":100,"ix":5},"r":1,"bm":0,"nm":"Fill 1","mn":"ADBE Vector Graphic - Fill","hd":false},{"ty":"tr","p":{"a":0,"k":[7.194,7.198],"ix":2},"a":{"a":0,"k":[0,0],"ix":1},"s":{"a":0,"k":[100,100],"ix":3},"r":{"a":0,"k":0,"ix":6},"o":{"a":0,"k":100,"ix":7},"sk":{"a":0,"k":0,"ix":4},"sa":{"a":0,"k":0,"ix":5},"nm":"Transform"}],"nm":"Group 1","np":4,"cix":2,"bm":0,"ix":1,"mn":"ADBE Vector Group","hd":false}],"ip":82,"op":416,"st":-5,"bm":0},{"ddd":0,"ind":5,"ty":4,"nm":"Door knob","sr":1,"ks":{"o":{"a":0,"k":100,"ix":11},"r":{"a":0,"k":0,"ix":10},"p":{"a":0,"k":[287.378,328.934,0],"ix":2},"a":{"a":0,"k":[23.579,50.731,0],"ix":1},"s":{"a":0,"k":[400,400,100],"ix":6}},"ao":0,"shapes":[{"ty":"gr","it":[{"ind":0,"ty":"sh","ix":1,"ks":{"a":1,"k":[{"i":{"x":0.25,"y":1},"o":{"x":0.4,"y":0},"t":30,"s":[{"i":[[0,1.486],[0,0],[1.337,-0.005],[0,-1.486],[0,0],[-1.837,-0.008]],"o":[[0,0],[-0.042,-1.446],[-1.487,0.006],[0,0],[0,1.362],[1.837,0.008]],"v":[[15.098,2.68],[15.098,-2.737],[11.938,-5.428],[8.777,-2.737],[8.777,2.68],[11.938,5.371]],"c":true}],"e":[{"i":[[0,1.486],[0,0],[1.695,0.034],[0,-1.486],[0,0],[-1.524,-0.011]],"o":[[0,0],[0,-0.811],[-1.695,-0.034],[0,0],[0,1.362],[1.524,0.011]],"v":[[2.691,2.708],[2.691,-2.709],[0.001,-5.4],[-2.691,-2.709],[-2.691,2.708],[0.001,5.4]],"c":true}]},{"t":75}],"ix":2},"nm":"Path 1","mn":"ADBE Vector Shape - Group","hd":false},{"ty":"fl","c":{"a":0,"k":[0.059000000299,0.169000004787,0.289999988032,1],"ix":4},"o":{"a":0,"k":100,"ix":5},"r":1,"bm":0,"nm":"Fill 1","mn":"ADBE Vector Graphic - Fill","hd":false},{"ty":"tr","p":{"a":0,"k":[45.807,47.904],"ix":2},"a":{"a":0,"k":[11.971,-2.777],"ix":1},"s":{"a":0,"k":[100,100],"ix":3},"r":{"a":1,"k":[{"i":{"x":[0.523],"y":[1]},"o":{"x":[0.628],"y":[0]},"t":4,"s":[90],"e":[98.572]},{"i":{"x":[0.66],"y":[1]},"o":{"x":[0.34],"y":[0]},"t":19,"s":[98.572],"e":[0]},{"t":30}],"ix":6},"o":{"a":0,"k":100,"ix":7},"sk":{"a":0,"k":0,"ix":4},"sa":{"a":0,"k":0,"ix":5},"nm":"Transform"}],"nm":"pomo","np":2,"cix":2,"bm":0,"ix":1,"mn":"ADBE Vector Group","hd":false},{"ty":"gr","it":[{"ind":0,"ty":"sh","ix":1,"ks":{"a":1,"k":[{"i":{"x":0.25,"y":1},"o":{"x":0.4,"y":0},"t":30,"s":[{"i":[[0,1.486],[0,0],[1.337,-0.005],[0,-1.486],[0,0],[-1.837,-0.008]],"o":[[0,0],[-0.042,-1.446],[-1.487,0.006],[0,0],[0,1.362],[1.837,0.008]],"v":[[15.098,2.68],[15.098,-2.737],[11.938,-5.428],[8.777,-2.737],[8.777,2.68],[11.938,5.371]],"c":true}],"e":[{"i":[[0,1.486],[0,0],[1.695,0.034],[0,-1.486],[0,0],[-1.524,-0.011]],"o":[[0,0],[0,-0.811],[-1.695,-0.034],[0,0],[0,1.362],[1.524,0.011]],"v":[[2.691,2.708],[2.691,-2.709],[0.001,-5.4],[-2.691,-2.709],[-2.691,2.708],[0.001,5.4]],"c":true}]},{"t":75}],"ix":2},"nm":"Path 1","mn":"ADBE Vector Shape - Group","hd":false},{"ty":"fl","c":{"a":0,"k":[0.431372578939,0.89019613827,1,1],"ix":4},"o":{"a":0,"k":100,"ix":5},"r":1,"bm":0,"nm":"Fill 1","mn":"ADBE Vector Graphic - Fill","hd":false},{"ty":"tr","p":{"a":0,"k":[45.907,48.304],"ix":2},"a":{"a":1,"k":[{"i":{"x":0.25,"y":1},"o":{"x":0.4,"y":0},"t":30,"s":[11.971,-2.377],"e":[10.671,-3.477],"to":[-0.217,-0.183],"ti":[0.217,0.183]},{"t":75}],"ix":1},"s":{"a":0,"k":[100,100],"ix":3},"r":{"a":1,"k":[{"i":{"x":[0.523],"y":[1]},"o":{"x":[0.628],"y":[0]},"t":4,"s":[90],"e":[98.572]},{"i":{"x":[0.66],"y":[1]},"o":{"x":[0.34],"y":[0]},"t":19,"s":[98.572],"e":[0]},{"t":30}],"ix":6},"o":{"a":1,"k":[{"i":{"x":[0.833],"y":[0.833]},"o":{"x":[0.167],"y":[0.167]},"t":29,"s":[0],"e":[100]},{"t":30}],"ix":7},"sk":{"a":0,"k":0,"ix":4},"sa":{"a":0,"k":0,"ix":5},"nm":"Transform"}],"nm":"pomo sombra","np":2,"cix":2,"bm":0,"ix":2,"mn":"ADBE Vector Group","hd":false}],"ip":0,"op":421,"st":0,"bm":0},{"ddd":0,"ind":6,"ty":4,"nm":"door Outlines","sr":1,"ks":{"o":{"a":0,"k":100,"ix":11},"r":{"a":0,"k":0,"ix":10},"p":{"a":0,"k":[287.378,328.934,0],"ix":2},"a":{"a":0,"k":[23.579,50.731,0],"ix":1},"s":{"a":0,"k":[400,400,100],"ix":6}},"ao":0,"shapes":[{"ty":"gr","it":[{"ind":0,"ty":"sh","ix":1,"ks":{"a":1,"k":[{"i":{"x":0.25,"y":1},"o":{"x":0.4,"y":0},"t":30,"s":[{"i":[[0,0],[0,0],[-0.058,-0.493],[0,0],[0.494,-0.058],[0,0],[0,0],[0,0],[0,0],[0,0],[0,0],[0,0],[0,0],[0,0],[0,0],[0,0],[0,0],[0,0],[0.059,0.492],[0,0],[-0.493,0.058],[0,0],[0,0],[0,0],[0,0],[0,0],[0,0],[0,0],[0,0],[0,0]],"o":[[0,0],[0.495,-0.058],[0,0],[0.056,0.494],[0,0],[0,0],[0,0],[0,0],[0,0],[0,0],[0,0],[0,0],[0,0],[0,0],[0,0],[0,0],[0,0],[-0.493,0.058],[0,0],[-0.059,-0.493],[0,0],[0,0],[0,0],[0,0],[0,0],[0,0],[0,0],[0,0],[0,0],[0,0]],"v":[[-22.844,-45.234],[21.112,-45.603],[22.112,-44.815],[22.112,-44.813],[21.323,-43.816],[19.883,-43.646],[-21.531,-43.391],[-21.531,7.494],[-21.531,43.212],[-17.356,43.355],[-1.983,43.773],[29.482,43.695],[32.044,43.682],[32.03,40.318],[32.03,38.518],[32.013,-43.882],[27.125,-43.924],[24.102,-43.879],[23.103,-44.666],[23.103,-44.668],[23.891,-45.667],[33.803,-45.687],[33.829,37.975],[33.829,38.518],[33.829,40.318],[33.829,40.719],[33.83,45.495],[-22.844,44.766],[-23.329,43.723],[-23.329,-43.276]],"c":true}],"e":[{"i":[[0,0],[0,0],[-0.058,-0.493],[0,0],[0.494,-0.058],[0,0],[0,0],[0,0],[0,0],[0,0],[0,0],[0,0],[0,0],[0,0],[0,0],[0,0],[0,0],[0,0],[0.059,0.492],[0,0],[-0.493,0.058],[0,0],[0,0],[0,0],[0,0],[0,0],[0,0],[0,0],[0,0],[0,0]],"o":[[0,0],[0.495,-0.058],[0,0],[0.056,0.494],[0,0],[0,0],[0,0],[0,0],[0,0],[0,0],[0,0],[0,0],[0,0],[0,0],[0,0],[0,0],[0,0],[-0.493,0.058],[0,0],[-0.059,-0.493],[0,0],[0,0],[0,0],[0,0],[0,0],[0,0],[0,0],[0,0],[0,0],[0,0]],"v":[[-22.844,-45.234],[11.26,-49.062],[12.26,-48.273],[12.26,-48.271],[11.471,-47.275],[10.031,-47.105],[-21.531,-43.391],[-21.531,7.493],[-21.531,43.212],[-17.325,43.723],[-2.527,45.523],[18.156,48.038],[21.53,48.449],[21.53,45.523],[21.53,43.723],[21.53,-48.458],[18.156,-48.061],[15.125,-47.704],[14.126,-48.491],[14.126,-48.493],[14.913,-49.492],[23.329,-50.481],[23.329,43.18],[23.329,43.723],[23.329,45.523],[23.329,45.924],[23.299,50.794],[-22.844,44.766],[-23.329,43.723],[-23.329,-43.276]],"c":true}]},{"t":75}],"ix":2},"nm":"Path 1","mn":"ADBE Vector Shape - Group","hd":false},{"ty":"fl","c":{"a":0,"k":[0.059000000299,0.169000004787,0.289999988032,1],"ix":4},"o":{"a":0,"k":100,"ix":5},"r":1,"bm":0,"nm":"Fill 1","mn":"ADBE Vector Graphic - Fill","hd":false},{"ty":"tr","p":{"a":0,"k":[23.579,50.732],"ix":2},"a":{"a":0,"k":[0,0],"ix":1},"s":{"a":0,"k":[100,100],"ix":3},"r":{"a":0,"k":0,"ix":6},"o":{"a":0,"k":100,"ix":7},"sk":{"a":0,"k":0,"ix":4},"sa":{"a":0,"k":0,"ix":5},"nm":"Transform"}],"nm":"Group 1","np":2,"cix":2,"bm":0,"ix":1,"mn":"ADBE Vector Group","hd":false},{"ty":"gr","it":[{"ind":0,"ty":"sh","ix":1,"ks":{"a":1,"k":[{"i":{"x":0.25,"y":1},"o":{"x":0.4,"y":0},"t":30,"s":[{"i":[[0,0],[0,0],[0,0],[0,0]],"o":[[0,0],[0,0],[0,0],[0,0]],"v":[[12.48,44.273],[12.478,-45.314],[12.449,-45.292],[12.462,44.152]],"c":true}],"e":[{"i":[[0,0],[0,0],[0,0],[0,0]],"o":[[0,0],[0,0],[0,0],[0,0]],"v":[[1.686,48.665],[1.687,-48.454],[-1.687,-48.057],[-1.676,48.544]],"c":true}]},{"t":75}],"ix":2},"nm":"Path 1","mn":"ADBE Vector Shape - Group","hd":false},{"ty":"fl","c":{"a":0,"k":[0.430999995213,0.889999988032,1,1],"ix":4},"o":{"a":0,"k":100,"ix":5},"r":1,"bm":0,"nm":"Fill 1","mn":"ADBE Vector Graphic - Fill","hd":false},{"ty":"tr","p":{"a":0,"k":[43.422,50.727],"ix":2},"a":{"a":0,"k":[0,0],"ix":1},"s":{"a":0,"k":[100,100],"ix":3},"r":{"a":0,"k":0,"ix":6},"o":{"a":0,"k":100,"ix":7},"sk":{"a":0,"k":0,"ix":4},"sa":{"a":0,"k":0,"ix":5},"nm":"Transform"}],"nm":"door side","np":2,"cix":2,"bm":0,"ix":2,"mn":"ADBE Vector Group","hd":false},{"ty":"gr","it":[{"ind":0,"ty":"sh","ix":1,"ks":{"a":1,"k":[{"i":{"x":0.25,"y":1},"o":{"x":0.4,"y":0},"t":30,"s":[{"i":[[0,0],[0,0],[0,0]],"o":[[0,0],[0,0],[0,0]],"v":[[-15.781,-23.585],[-15.781,27.299],[26.656,-24.799]],"c":true}],"e":[{"i":[[0,0],[0,0],[0,0]],"o":[[0,0],[0,0],[0,0]],"v":[[-15.781,-23.585],[-15.781,27.299],[15.781,-27.299]],"c":true}]},{"t":75}],"ix":2},"nm":"Path 1","mn":"ADBE Vector Shape - Group","hd":false},{"ty":"fl","c":{"a":0,"k":[0.913999968884,0.957000014361,0.969000004787,1],"ix":4},"o":{"a":0,"k":100,"ix":5},"r":1,"bm":0,"nm":"Fill 1","mn":"ADBE Vector Graphic - Fill","hd":false},{"ty":"tr","p":{"a":0,"k":[17.83,30.926],"ix":2},"a":{"a":0,"k":[0,0],"ix":1},"s":{"a":0,"k":[100,100],"ix":3},"r":{"a":0,"k":0,"ix":6},"o":{"a":1,"k":[{"i":{"x":[0.25],"y":[1]},"o":{"x":[0.4],"y":[0]},"t":30,"s":[0],"e":[100]},{"t":75}],"ix":7},"sk":{"a":0,"k":0,"ix":4},"sa":{"a":0,"k":0,"ix":5},"nm":"Transform"}],"nm":"Group 3","np":2,"cix":2,"bm":0,"ix":3,"mn":"ADBE Vector Group","hd":false},{"ty":"gr","it":[{"ind":0,"ty":"sh","ix":1,"ks":{"a":1,"k":[{"i":{"x":0.25,"y":1},"o":{"x":0.4,"y":0},"t":30,"s":[{"i":[[0,0],[0,0],[0,0],[0,0],[0,0]],"o":[[0,0],[0,0],[0,0],[0,0],[0,0]],"v":[[-21.795,-43.875],[-21.842,43.445],[-17.637,43.957],[32.842,45.006],[31.575,-44.621]],"c":true}],"e":[{"i":[[0,0],[0,0],[0,0],[0,0],[0,0]],"o":[[0,0],[0,0],[0,0],[0,0],[0,0]],"v":[[-21.842,-43],[-21.842,43.445],[-17.637,43.957],[20.325,49.502],[19.092,-48.25]],"c":true}]},{"t":75}],"ix":2},"nm":"Path 2","mn":"ADBE Vector Shape - Group","hd":false},{"ty":"fl","c":{"a":0,"k":[1,1,1,1],"ix":4},"o":{"a":0,"k":100,"ix":5},"r":1,"bm":0,"nm":"Fill 1","mn":"ADBE Vector Graphic - Fill","hd":false},{"ty":"tr","p":{"a":0,"k":[23.892,50.498],"ix":2},"a":{"a":0,"k":[0,0],"ix":1},"s":{"a":0,"k":[100,100],"ix":3},"r":{"a":0,"k":0,"ix":6},"o":{"a":0,"k":100,"ix":7},"sk":{"a":0,"k":0,"ix":4},"sa":{"a":0,"k":0,"ix":5},"nm":"Transform"}],"nm":"Group 6","np":2,"cix":2,"bm":0,"ix":6,"mn":"ADBE Vector Group","hd":false}],"ip":0,"op":421,"st":0,"bm":0},{"ddd":0,"ind":7,"ty":4,"nm":"arrow Outlines","sr":1,"ks":{"o":{"a":0,"k":100,"ix":11},"r":{"a":0,"k":0,"ix":10},"p":{"s":true,"x":{"a":1,"k":[{"i":{"x":[0.357],"y":[1]},"o":{"x":[0.032],"y":[0.131]},"t":49,"s":[297.376],"e":[432.323]},{"i":{"x":[0.17],"y":[1]},"o":{"x":[0.194],"y":[0]},"t":78,"s":[432.323],"e":[425.376]},{"t":115}],"ix":3},"y":{"a":0,"k":332.932,"ix":4}},"a":{"a":0,"k":[23.994,18.065,0],"ix":1},"s":{"a":0,"k":[400,400,100],"ix":6}},"ao":0,"shapes":[{"ty":"gr","it":[{"ind":0,"ty":"sh","ix":1,"ks":{"a":0,"k":{"i":[[0,0],[0,0],[0,0],[0,0],[0,0],[0,0],[0,0],[0,0],[0,0],[0,0],[0,0],[0,0],[0,0],[0,0],[0,0],[0,0],[0,0]],"o":[[0,0],[0,0],[0,0],[0,0],[0,0],[0,0],[0,0],[0,0],[0,0],[0,0],[0,0],[0,0],[0,0],[0,0],[0,0],[0,0],[0,0]],"v":[[23.743,0.057],[0.309,-17.815],[0.309,-8.569],[-23.743,-8.569],[-23.743,-7.669],[-23.743,-6.769],[1.21,-6.769],[2.109,-6.769],[2.109,-14.178],[20.768,0.052],[2.109,14.193],[2.109,6.779],[-23.743,6.779],[-23.743,7.679],[-23.743,8.579],[0.309,8.579],[0.309,17.815]],"c":true},"ix":2},"nm":"Path 1","mn":"ADBE Vector Shape - Group","hd":false},{"ty":"fl","c":{"a":0,"k":[1,1,1,1],"ix":4},"o":{"a":0,"k":100,"ix":5},"r":1,"bm":0,"nm":"Fill 1","mn":"ADBE Vector Graphic - Fill","hd":false},{"ty":"tr","p":{"a":0,"k":[23.994,18.065],"ix":2},"a":{"a":0,"k":[0,0],"ix":1},"s":{"a":0,"k":[100,100],"ix":3},"r":{"a":0,"k":0,"ix":6},"o":{"a":0,"k":100,"ix":7},"sk":{"a":0,"k":0,"ix":4},"sa":{"a":0,"k":0,"ix":5},"nm":"Transform"}],"nm":"Group 1","np":2,"cix":2,"bm":0,"ix":1,"mn":"ADBE Vector Group","hd":false},{"ty":"gr","it":[{"ind":0,"ty":"sh","ix":1,"ks":{"a":0,"k":{"i":[[0,0],[0,0],[0,0],[0,0],[0,0],[0,0],[0,0],[0,0]],"o":[[0,0],[0,0],[0,0],[0,0],[0,0],[0,0],[0,0],[0,0]],"v":[[3.598,14.186],[22.257,0.045],[3.598,-14.186],[3.598,-6.776],[2.698,-6.776],[-22.257,-6.776],[-22.257,6.771],[3.598,6.771]],"c":true},"ix":2},"nm":"Path 1","mn":"ADBE Vector Shape - Group","hd":false},{"ty":"fl","c":{"a":0,"k":[0.925,0,0,1],"ix":4},"o":{"a":0,"k":100,"ix":5},"r":1,"bm":0,"nm":"Fill 1","mn":"ADBE Vector Graphic - Fill","hd":false},{"ty":"tr","p":{"a":0,"k":[22.507,18.072],"ix":2},"a":{"a":0,"k":[0,0],"ix":1},"s":{"a":0,"k":[100,100],"ix":3},"r":{"a":0,"k":0,"ix":6},"o":{"a":0,"k":100,"ix":7},"sk":{"a":0,"k":0,"ix":4},"sa":{"a":0,"k":0,"ix":5},"nm":"Transform"}],"nm":"Group 2","np":2,"cix":2,"bm":0,"ix":2,"mn":"ADBE Vector Group","hd":false}],"ip":0,"op":421,"st":0,"bm":0},{"ddd":0,"ind":8,"ty":4,"nm":"door frame Outlines","sr":1,"ks":{"o":{"a":0,"k":100,"ix":11},"r":{"a":0,"k":0,"ix":10},"p":{"a":0,"k":[315.999,324.757,0],"ix":2},"a":{"a":0,"k":[47.107,46.818,0],"ix":1},"s":{"a":0,"k":[400,400,100],"ix":6}},"ao":0,"shapes":[{"ty":"gr","it":[{"ind":0,"ty":"sh","ix":1,"ks":{"a":0,"k":{"i":[[0.497,0],[0,0],[0,0],[0,-0.458],[-0.497,0],[0,0],[0,0],[0,0.459]],"o":[[0,0],[0,0],[-0.444,0.055],[0,0.497],[0,0],[0,0],[0.444,-0.056],[0,-0.497]],"v":[[2.5,-0.9],[-2.5,-0.9],[-2.613,-0.893],[-3.4,-0.001],[-2.5,0.9],[2.5,0.9],[2.613,0.893],[3.4,-0.001]],"c":true},"ix":2},"nm":"Path 1","mn":"ADBE Vector Shape - Group","hd":false},{"ty":"fl","c":{"a":0,"k":[0.059000000299,0.169000004787,0.289999988032,1],"ix":4},"o":{"a":0,"k":100,"ix":5},"r":1,"bm":0,"nm":"Fill 1","mn":"ADBE Vector Graphic - Fill","hd":false},{"ty":"tr","p":{"a":0,"k":[3.65,92.486],"ix":2},"a":{"a":0,"k":[0,0],"ix":1},"s":{"a":0,"k":[100,100],"ix":3},"r":{"a":0,"k":0,"ix":6},"o":{"a":0,"k":100,"ix":7},"sk":{"a":0,"k":0,"ix":4},"sa":{"a":0,"k":0,"ix":5},"nm":"Transform"}],"nm":"Group 1","np":2,"cix":2,"bm":0,"ix":1,"mn":"ADBE Vector Group","hd":false},{"ty":"gr","it":[{"ind":0,"ty":"sh","ix":1,"ks":{"a":0,"k":{"i":[[0.497,0],[0,0],[0,0],[0,0],[0,0],[0,-0.458],[-0.497,0],[0,0],[0,0],[0,0],[0,0],[0,0.459]],"o":[[0,0],[0,0],[0,0],[0,0],[-0.443,0.055],[0,0.497],[0,0],[0,0],[0,0],[0,0],[0.445,-0.056],[0,-0.497]],"v":[[41.443,-0.9],[13.484,-0.9],[11.658,-0.9],[-41.441,-0.9],[-41.555,-0.893],[-42.341,-0.001],[-41.441,0.9],[11.658,0.9],[13.484,0.9],[41.443,0.9],[41.555,0.893],[42.341,-0.001]],"c":true},"ix":2},"nm":"Path 1","mn":"ADBE Vector Shape - Group","hd":false},{"ty":"fl","c":{"a":0,"k":[0.059000000299,0.169000004787,0.289999988032,1],"ix":4},"o":{"a":0,"k":100,"ix":5},"r":1,"bm":0,"nm":"Fill 1","mn":"ADBE Vector Graphic - Fill","hd":false},{"ty":"tr","p":{"a":0,"k":[51.623,92.486],"ix":2},"a":{"a":0,"k":[0,0],"ix":1},"s":{"a":0,"k":[100,100],"ix":3},"r":{"a":0,"k":0,"ix":6},"o":{"a":0,"k":100,"ix":7},"sk":{"a":0,"k":0,"ix":4},"sa":{"a":0,"k":0,"ix":5},"nm":"Transform"}],"nm":"Group 2","np":2,"cix":2,"bm":0,"ix":2,"mn":"ADBE Vector Group","hd":false},{"ty":"gr","it":[{"ind":0,"ty":"sh","ix":1,"ks":{"a":0,"k":{"i":[[0.351,0.352],[0,0],[-0.352,0.351],[-0.351,-0.352],[0,0],[0.352,-0.351]],"o":[[0,0],[-0.351,-0.352],[0.352,-0.351],[0,0],[0.351,0.352],[-0.352,0.351]],"v":[[0.812,2.089],[-2.087,-0.818],[-2.085,-2.091],[-0.812,-2.089],[2.087,0.818],[2.085,2.091]],"c":true},"ix":2},"nm":"Path 1","mn":"ADBE Vector Shape - Group","hd":false},{"ty":"fl","c":{"a":0,"k":[0.059000000299,0.169000004787,0.289999988032,1],"ix":4},"o":{"a":0,"k":100,"ix":5},"r":1,"bm":0,"nm":"Fill 1","mn":"ADBE Vector Graphic - Fill","hd":false},{"ty":"tr","p":{"a":0,"k":[15.873,2.692],"ix":2},"a":{"a":0,"k":[0,0],"ix":1},"s":{"a":0,"k":[100,100],"ix":3},"r":{"a":0,"k":0,"ix":6},"o":{"a":0,"k":100,"ix":7},"sk":{"a":0,"k":0,"ix":4},"sa":{"a":0,"k":0,"ix":5},"nm":"Transform"}],"nm":"Group 3","np":2,"cix":2,"bm":0,"ix":3,"mn":"ADBE Vector Group","hd":false},{"ty":"gr","it":[{"ind":0,"ty":"sh","ix":1,"ks":{"a":0,"k":{"i":[[-0.351,0.352],[0,0],[0.352,0.351],[0.351,-0.352],[0,0],[-0.353,-0.351]],"o":[[0,0],[0.352,-0.352],[-0.352,-0.351],[0,0],[-0.352,0.352],[0.351,0.351]],"v":[[-0.811,2.089],[2.086,-0.818],[2.085,-2.091],[0.812,-2.089],[-2.085,0.818],[-2.083,2.091]],"c":true},"ix":2},"nm":"Path 1","mn":"ADBE Vector Shape - Group","hd":false},{"ty":"fl","c":{"a":0,"k":[0.059000000299,0.169000004787,0.289999988032,1],"ix":4},"o":{"a":0,"k":100,"ix":5},"r":1,"bm":0,"nm":"Fill 1","mn":"ADBE Vector Graphic - Fill","hd":false},{"ty":"tr","p":{"a":0,"k":[74.873,2.692],"ix":2},"a":{"a":0,"k":[0,0],"ix":1},"s":{"a":0,"k":[100,100],"ix":3},"r":{"a":0,"k":0,"ix":6},"o":{"a":0,"k":100,"ix":7},"sk":{"a":0,"k":0,"ix":4},"sa":{"a":0,"k":0,"ix":5},"nm":"Transform"}],"nm":"Group 4","np":2,"cix":2,"bm":0,"ix":4,"mn":"ADBE Vector Group","hd":false},{"ty":"gr","it":[{"ind":0,"ty":"sh","ix":1,"ks":{"a":0,"k":{"i":[[0,0],[0,0],[0,0],[0,0],[0,0],[0,0]],"o":[[0,0],[0,0],[0,0],[0,0],[0,0],[0,0]],"v":[[-27.777,43.934],[27.777,43.934],[27.777,12.785],[27.777,-12.652],[27.777,-43.934],[-27.777,-43.934]],"c":true},"ix":2},"nm":"Path 1","mn":"ADBE Vector Shape - Group","hd":false},{"ty":"fl","c":{"a":0,"k":[0.051000000449,0.310000011968,0.501999978458,1],"ix":4},"o":{"a":0,"k":100,"ix":5},"r":1,"bm":0,"nm":"Fill 1","mn":"ADBE Vector Graphic - Fill","hd":false},{"ty":"tr","p":{"a":0,"k":[45.885,47.695],"ix":2},"a":{"a":0,"k":[0,0],"ix":1},"s":{"a":0,"k":[100,100],"ix":3},"r":{"a":0,"k":0,"ix":6},"o":{"a":0,"k":100,"ix":7},"sk":{"a":0,"k":0,"ix":4},"sa":{"a":0,"k":0,"ix":5},"nm":"Transform"}],"nm":"Group 5","np":2,"cix":2,"bm":0,"ix":5,"mn":"ADBE Vector Group","hd":false},{"ty":"gr","it":[{"ind":0,"ty":"sh","ix":1,"ks":{"a":0,"k":{"i":[[0,0],[0,0],[0,0],[0,0],[0,0],[0,0]],"o":[[0,0],[0,0],[0,0],[0,0],[0,0],[0,0]],"v":[[28.555,-11.585],[28.555,13.851],[28.555,45],[-27,45],[-27,-42.866],[28.555,-42.866]],"c":true},"ix":2},"nm":"Path 1","mn":"ADBE Vector Shape - Group","hd":false},{"ind":1,"ty":"sh","ix":2,"ks":{"a":0,"k":{"i":[[0,0],[0,0],[0,0],[0,0]],"o":[[0,0],[0,0],[0,0],[0,0]],"v":[[-31,46],[31,46],[31,-46],[-31,-46]],"c":true},"ix":2},"nm":"Path 2","mn":"ADBE Vector Shape - Group","hd":false},{"ty":"mm","mm":1,"nm":"Merge Paths 1","mn":"ADBE Vector Filter - Merge","hd":false},{"ty":"fl","c":{"a":0,"k":[1,1,1,1],"ix":4},"o":{"a":0,"k":100,"ix":5},"r":1,"bm":0,"nm":"Fill 1","mn":"ADBE Vector Graphic - Fill","hd":false},{"ty":"tr","p":{"a":0,"k":[45.107,46.628],"ix":2},"a":{"a":0,"k":[0,0],"ix":1},"s":{"a":0,"k":[100,100],"ix":3},"r":{"a":0,"k":0,"ix":6},"o":{"a":0,"k":100,"ix":7},"sk":{"a":0,"k":0,"ix":4},"sa":{"a":0,"k":0,"ix":5},"nm":"Transform"}],"nm":"Group 6","np":4,"cix":2,"bm":0,"ix":6,"mn":"ADBE Vector Group","hd":false}],"ip":0,"op":421,"st":0,"bm":0},{"ddd":0,"ind":9,"ty":4,"nm":"bg shape Outlines","sr":1,"ks":{"o":{"a":0,"k":100,"ix":11},"r":{"a":0,"k":0,"ix":10},"p":{"a":0,"k":[315.612,297.234,0],"ix":2},"a":{"a":0,"k":[62.336,51.864,0],"ix":1},"s":{"a":0,"k":[400,400,100],"ix":6}},"ao":0,"shapes":[{"ty":"gr","it":[{"ind":0,"ty":"sh","ix":1,"ks":{"a":0,"k":{"i":[[-19.533,-3.109],[1.964,24.668],[10.44,8.645],[23.328,20.045],[14.843,-16.856],[-13.684,-18.505]],"o":[[41.067,-0.456],[-2.944,-37.001],[-10.441,-8.645],[-15.552,-13.364],[-13.604,16.299],[13.685,18.504]],"v":[[1.466,51.615],[60.122,13.926],[15.765,-24.139],[-2.89,-38.251],[-48.482,-33.012],[-48.361,19.195]],"c":true},"ix":2},"nm":"Path 1","mn":"ADBE Vector Shape - Group","hd":false},{"ty":"fl","c":{"a":0,"k":[0.898000021542,0.898000021542,0.898000021542,1],"ix":4},"o":{"a":0,"k":100,"ix":5},"r":1,"bm":0,"nm":"Fill 1","mn":"ADBE Vector Graphic - Fill","hd":false},{"ty":"tr","p":{"a":0,"k":[62.336,51.864],"ix":2},"a":{"a":0,"k":[0,0],"ix":1},"s":{"a":0,"k":[100,100],"ix":3},"r":{"a":0,"k":0,"ix":6},"o":{"a":0,"k":100,"ix":7},"sk":{"a":0,"k":0,"ix":4},"sa":{"a":0,"k":0,"ix":5},"nm":"Transform"}],"nm":"Group 1","np":2,"cix":2,"bm":0,"ix":1,"mn":"ADBE Vector Group","hd":false}],"ip":0,"op":421,"st":0,"bm":0}],"markers":[]}